Name,Province,Climate ID,Station ID,WMO ID,TC ID,Latitude (Decimal Degrees),Longitude (Decimal Degrees),Latitude,Longitude,Elevation (m),First Year,Last Year,HLY First Year,HLY Last Year,DLY First Year,DLY Last Year,MLY First Year,MLY Last Year,Span
VICTORIA GONZALES HTS,BRITISH COLUMBIA,1018610,113,,WLM,48.41,-123.33,482447061,-1231930017,69.5,1898,2004,1953.0,2000.0,1898.0,2004.0,1898.0,2004.0,48.0
VICTORIA INT'L A,BRITISH COLUMBIA,1018620,118,71799.0,YYJ,48.65,-123.43,483850010,-1232533000,19.51,1940,2013,1953.0,2013.0,1940.0,2013.0,1940.0,2013.0,61.0
CAMPBELL RIVER A,BRITISH COLUMBIA,1021261,145,,YBL,49.95,-125.27,495707000,-1251623000,108.8,1965,2024,1979.0,2013.0,1965.0,2024.0,1965.0,2007.0,35.0
COMOX A,BRITISH COLUMBIA,1021830,155,71893.0,YQQ,49.72,-124.9,494300000,-1245400000,25.6,1944,2024,1953.0,2024.0,1944.0,2024.0,1944.0,2017.0,72.0
NANAIMO A,BRITISH COLUMBIA,1025370,192,,YCD,49.05,-123.87,490316000,-1235212000,28.04,1947,2016,1954.0,2013.0,1947.0,2016.0,1947.0,2007.0,60.0
PORT HARDY A,BRITISH COLUMBIA,1026270,202,71109.0,YZT,50.68,-127.37,504049000,-1272158000,21.6,1944,2013,1953.0,2013.0,1944.0,2013.0,1944.0,2013.0,61.0
CAPE SCOTT,BRITISH COLUMBIA,1031353,237,,WES,50.78,-128.43,504656040,-1282538020,71.6,1965,2024,1966.0,2001.0,1965.0,2024.0,1965.0,2007.0,36.0
TOFINO A,BRITISH COLUMBIA,1038205,277,,YAZ,49.08,-125.77,490456000,-1254621020,24.45,1942,2023,1960.0,2014.0,1942.0,2023.0,1942.0,2007.0,55.0
MERRY ISLAND LIGHTSTATION,BRITISH COLUMBIA,1045100,320,,WMR,49.47,-123.91,492803030,-1235445040,7.2,1954,2024,1954.0,2001.0,1957.0,2024.0,1957.0,2007.0,48.0
LANGARA,BRITISH COLUMBIA,1054500,358,71899.0,WLA,54.26,-133.06,541518648,-1330328799,42.69,1936,2024,1954.0,2001.0,1936.0,2024.0,1936.0,2007.0,48.0
SANDSPIT A,BRITISH COLUMBIA,1057050,367,,YZP,53.25,-131.81,531514000,-1314847000,6.4,1945,2017,1953.0,2005.0,1945.0,2017.0,1945.0,2007.0,53.0
MCINNES ISLAND,BRITISH COLUMBIA,1065010,409,71897.0,WMS,52.26,-128.72,521542000,-1284310000,25.9,1954,2024,1955.0,2001.0,1954.0,2024.0,1954.0,2007.0,47.0
STEWART A,BRITISH COLUMBIA,1067742,434,,ZST,55.94,-129.99,555610000,-1295906000,7.3,1974,2016,1974.0,2015.0,1974.0,2016.0,1975.0,2007.0,42.0
TERRACE A,BRITISH COLUMBIA,1068130,441,71951.0,YXT,54.47,-128.58,542759000,-1283439000,217.3,1953,2013,1955.0,2013.0,1953.0,2013.0,1953.0,2013.0,59.0
TRIPLE ISLAND,BRITISH COLUMBIA,1068250,446,,WTI,54.29,-130.88,541740800,-1305249100,20.7,1953,2024,1953.0,2001.0,1989.0,2024.0,1989.0,2007.0,49.0
SMITHERS A,BRITISH COLUMBIA,1077500,487,,YYD,54.82,-127.18,544929000,-1271058000,521.8,1942,2018,1953.0,2012.0,1942.0,2018.0,1942.0,2010.0,60.0
PRINCE GEORGE A,BRITISH COLUMBIA,1096450,631,71896.0,YXS,53.89,-122.68,535327000,-1224044000,691.3,1942,2009,1953.0,2009.0,1942.0,2009.0,1942.0,2009.0,57.0
WILLIAMS LAKE A,BRITISH COLUMBIA,1098940,664,71104.0,YWL,52.18,-122.05,521059000,-1220315000,939.7,1960,2012,1961.0,2012.0,1960.0,2012.0,1961.0,2012.0,52.0
ABBOTSFORD A,BRITISH COLUMBIA,1100030,702,71108.0,YXX,49.03,-122.36,490131000,-1222136000,59.13,1944,2012,1953.0,2012.0,1944.0,2012.0,1944.0,2012.0,60.0
VANCOUVER HARBOUR CS,BRITISH COLUMBIA,1108446,888,71201.0,WHC,49.3,-123.12,491743270,-1230718730,2.5,1925,2024,1976.0,2024.0,1925.0,2024.0,1925.0,2007.0,49.0
VANCOUVER INT'L A,BRITISH COLUMBIA,1108447,889,,YVR,49.2,-123.18,491142000,-1231055000,4.3,1937,2013,1953.0,2013.0,1937.0,2013.0,1937.0,2013.0,61.0
KELOWNA A,BRITISH COLUMBIA,1123970,1001,71203.0,YLW,49.96,-119.38,495722000,-1192240000,429.5,1959,2005,1959.0,2005.0,1968.0,2005.0,1968.0,2005.0,47.0
PENTICTON A,BRITISH COLUMBIA,1126150,1053,71889.0,YYF,49.46,-119.6,492747000,-1193608000,344.42,1941,2012,1953.0,2012.0,1941.0,2012.0,1941.0,2012.0,60.0
PRINCETON A,BRITISH COLUMBIA,1126510,1056,,YDC,49.47,-120.51,492804000,-1203045000,701.65,1936,2024,1953.0,2013.0,1936.0,2024.0,1937.0,2007.0,61.0
CASTLEGAR A,BRITISH COLUMBIA,1141455,1105,,YCG,49.3,-117.63,491747000,-1173757000,495.6,1954,2024,1954.0,2013.0,1965.0,2024.0,1966.0,2007.0,60.0
CRANBROOK A,BRITISH COLUMBIA,1152102,1174,71880.0,YXC,49.61,-115.78,493644000,-1154655000,940.0,1968,2012,1968.0,2012.0,1968.0,2012.0,1968.0,2012.0,45.0
BLUE RIVER A,BRITISH COLUMBIA,1160899,1237,,YCP,52.13,-119.29,520744500,-1191722300,690.4,1969,2024,1969.0,2015.0,1969.0,2024.0,1969.0,2007.0,47.0
KAMLOOPS A,BRITISH COLUMBIA,1163780,1275,71887.0,YKA,50.7,-120.44,504208000,-1202631000,345.3,1951,2013,1953.0,2013.0,1951.0,2013.0,1951.0,2013.0,61.0
DAWSON CREEK A,BRITISH COLUMBIA,1182285,1404,71471.0,YDQ,55.74,-120.18,554430000,-1201055000,654.7,1964,2009,1964.0,2009.0,1968.0,2009.0,1968.0,2006.0,46.0
FORT ST JOHN A,BRITISH COLUMBIA,1183000,1413,71943.0,YXJ,56.24,-120.74,561417000,-1204425000,694.9,1942,2012,1953.0,2012.0,1942.0,2012.0,1942.0,2012.0,60.0
MACKENZIE A,BRITISH COLUMBIA,1184790,1423,,VMK,55.31,-123.14,551819000,-1230817000,690.1,1971,2015,1971.0,2015.0,1971.0,2013.0,1971.0,2007.0,45.0
DEASE LAKE,BRITISH COLUMBIA,1192340,1454,71958.0,WDL,58.43,-130.01,582542006,-1300038004,806.6,1944,2012,1953.0,2012.0,1944.0,2011.0,1944.0,2007.0,60.0
FORT NELSON A,BRITISH COLUMBIA,1192940,1455,71945.0,YYE,58.84,-122.6,585011000,-1223550000,381.9,1937,2012,1953.0,2012.0,1937.0,2012.0,1937.0,2012.0,60.0
BEAVER CREEK A,YUKON TERRITORY,2100160,1518,,YXQ,62.41,-140.87,622437000,-1405203000,649.0,1968,2015,1968.0,2014.0,1968.0,2015.0,1968.0,2006.0,47.0
BURWASH A,YUKON TERRITORY,2100182,1525,,YDB,61.37,-139.05,612200000,-1390300000,806.2,1966,2015,1966.0,2012.0,1966.0,2015.0,1966.0,2007.0,47.0
DAWSON A,YUKON TERRITORY,2100402,1535,,YDA,64.04,-139.13,640235000,-1390740000,370.33,1976,2015,1976.0,2013.0,1976.0,2015.0,1976.0,2007.0,38.0
HAINES JUNCTION,YUKON TERRITORY,2100630,1556,71505.0,WHT,60.77,-137.58,604621008,-1373449004,595.3,1944,2024,1960.0,2024.0,1944.0,2024.0,1944.0,2006.0,65.0
IVVAVIK NAT. PARK,YUKON TERRITORY,2100660,26869,71978.0,WOI,69.16,-140.15,690952000,-1400900000,243.8,1995,2024,1995.0,2024.0,1995.0,2024.0,2004.0,2006.0,30.0
MAYO A,YUKON TERRITORY,2100700,1572,71965.0,YMA,63.62,-135.87,633700000,-1355200000,503.8,1924,2013,1953.0,2013.0,1924.0,2013.0,1925.0,2013.0,61.0
SHINGLE POINT A,YUKON TERRITORY,2100950,1596,71968.0,YUA,68.95,-137.22,685700000,-1371300000,49.4,1957,2023,1973.0,2023.0,1957.0,2023.0,1957.0,1993.0,51.0
TESLIN A,YUKON TERRITORY,2101100,1610,,YZW,60.17,-132.74,601026900,-1324409200,705.0,1943,2014,1953.0,2014.0,1943.0,2014.0,1943.0,2006.0,62.0
WATSON LAKE A,YUKON TERRITORY,2101200,1615,71953.0,YQH,60.12,-128.82,600659400,-1284920400,687.35,1938,2014,1953.0,2014.0,1938.0,2014.0,1938.0,2014.0,62.0
WHITEHORSE A,YUKON TERRITORY,2101300,1617,71964.0,YXY,60.71,-135.07,604234200,-1350407800,706.2,1942,2012,1953.0,2012.0,1942.0,2012.0,1942.0,2007.0,60.0
AKLAVIK A,NORTHWEST TERRITORIES,2200100,1623,,YKD,68.22,-135.01,681324000,-1350021000,6.4,1926,2014,1953.0,2014.0,1926.0,2014.0,1926.0,2007.0,62.0
CAPE PARRY A,NORTHWEST TERRITORIES,2200675,1633,71948.0,ZCP,70.17,-124.72,701000000,-1244300000,86.6,1956,2023,1956.0,2023.0,1957.0,2023.0,1957.0,2007.0,68.0
FORT GOOD HOPE A,NORTHWEST TERRITORIES,2201400,1644,,YGH,66.24,-128.65,661427000,-1283903000,81.38,1944,2015,1965.0,2015.0,1944.0,2015.0,1944.0,2007.0,51.0
FORT LIARD A,NORTHWEST TERRITORIES,2201575,1646,,YJF,60.24,-123.47,601406000,-1232801000,215.8,1973,2014,1973.0,2014.0,1973.0,2014.0,1973.0,2007.0,42.0
FORT RESOLUTION A,NORTHWEST TERRITORIES,2202000,1654,,YFR,61.18,-113.69,611051000,-1134123000,160.3,1930,2014,1954.0,2014.0,1930.0,2014.0,1930.0,2007.0,61.0
FORT SIMPSON A,NORTHWEST TERRITORIES,2202101,1656,71946.0,YFS,61.76,-121.24,614537000,-1211412000,169.2,1963,2014,1963.0,2014.0,1963.0,2014.0,1963.0,2010.0,52.0
FORT SMITH A,NORTHWEST TERRITORIES,2202200,1660,71934.0,YSM,60.02,-111.96,600113000,-1115743000,205.13,1943,2014,1953.0,2014.0,1943.0,2014.0,1943.0,2014.0,62.0
HAY RIVER A,NORTHWEST TERRITORIES,2202400,1664,71935.0,YHY,60.84,-115.78,605023000,-1154658000,164.9,1943,2014,1953.0,2014.0,1943.0,2014.0,1943.0,2014.0,62.0
INUVIK A,NORTHWEST TERRITORIES,2202570,1669,,YEV,68.3,-133.48,681815000,-1332858000,67.7,1957,2013,1958.0,2013.0,1957.0,2006.0,1957.0,2006.0,56.0
TUKTOYAKTUK A,NORTHWEST TERRITORIES,2203912,1700,,YUB,69.43,-133.03,692600000,-1330135000,4.27,1970,2015,1970.0,2015.0,1970.0,2015.0,1970.0,2007.0,46.0
WRIGLEY A,NORTHWEST TERRITORIES,2204000,1705,,YWY,63.21,-123.44,631234000,-1232612000,149.7,1943,2015,1957.0,2015.0,1943.0,2015.0,1943.0,2007.0,59.0
YELLOWKNIFE A,NORTHWEST TERRITORIES,2204100,1706,71936.0,YZF,62.46,-114.44,622746000,-1142625000,205.7,1942,2013,1953.0,2013.0,1942.0,2013.0,1942.0,2007.0,61.0
YOHIN,NORTHWEST TERRITORIES,2204300,1635,71020.0,XYH,61.24,-123.74,611431000,-1234430000,204.0,1957,2024,1973.0,2024.0,1957.0,2024.0,1957.0,2007.0,52.0
BAKER LAKE A,NUNAVUT,2300500,1709,71926.0,YBK,64.3,-96.08,641756000,-960440000,18.6,1946,2013,1953.0,2013.0,1946.0,2013.0,1946.0,2013.0,61.0
CLINTON POINT,NUNAVUT,2300750,1637,71053.0,WXK,69.58,-120.8,693500000,-1204800000,100.6,1957,1993,1958.0,1993.0,1957.0,1993.0,1957.0,1993.0,36.0
KUGLUKTUK A,NUNAVUT,2300902,1641,71938.0,YCO,67.82,-115.14,674900000,-1150838000,22.6,1977,2014,1978.0,2014.0,1977.0,2014.0,1977.0,2014.0,37.0
CORAL HARBOUR A,NUNAVUT,2301000,1713,71915.0,YZS,64.19,-83.36,641136000,-832134000,62.2,1933,2015,1953.0,2015.0,1933.0,2015.0,1933.0,2015.0,63.0
PELLY BAY,NUNAVUT,2303090,1718,,WKE,68.43,-89.72,682600000,-894300000,325.8,1955,1992,1955.0,1992.0,1957.0,1992.0,1957.0,1992.0,38.0
RANKIN INLET A,NUNAVUT,2303401,1721,71083.0,YRT,62.82,-92.12,624900000,-920700000,32.31,1981,2013,1981.0,2013.0,1981.0,2013.0,1981.0,2013.0,33.0
SHEPHERD BAY A,NUNAVUT,2303685,1723,71911.0,YUS,68.82,-93.43,684900000,-932600000,42.7,1957,2023,1973.0,2023.0,1957.0,2023.0,1957.0,2006.0,51.0
ALERT,NUNAVUT,2400300,1731,,WLT,82.52,-62.28,823104000,-621650000,30.48,1950,2006,1953.0,2006.0,1950.0,2006.0,1950.0,2006.0,54.0
BREVOORT ISLAND,NUNAVUT,2400565,1735,71097.0,WOB,63.34,-64.15,632023000,-640845000,376.0,1959,2023,1960.0,2023.0,1959.0,2023.0,1959.0,2007.0,64.0
BROUGHTON ISLAND,NUNAVUT,2400570,1736,71096.0,WVD,67.54,-63.79,673208000,-634720000,584.4,1956,2023,1956.0,2023.0,1957.0,2023.0,1957.0,2007.0,68.0
BYRON BAY A,NUNAVUT,2400595,1785,71929.0,YUK,68.75,-109.07,684500000,-1090400000,92.1,1955,1994,1955.0,1994.0,1957.0,1993.0,1957.0,1993.0,40.0
CAMBRIDGE BAY A,NUNAVUT,2400600,1786,71925.0,YCB,69.11,-105.14,690629000,-1050818000,31.09,1929,2015,1953.0,2015.0,1929.0,2015.0,1929.0,2015.0,63.0
CAPE DORSET A,NUNAVUT,2400635,1738,71910.0,YTE,64.23,-76.53,641349000,-763130000,48.2,1963,2014,1970.0,2012.0,1963.0,2014.0,1963.0,2007.0,43.0
CAPE HOOPER,NUNAVUT,2400660,1742,71093.0,WUP,68.47,-66.8,682821000,-664755000,390.1,1956,2022,1956.0,2022.0,1957.0,2022.0,1957.0,2007.0,67.0
CLYDE A,NUNAVUT,2400800,1743,71090.0,YCY,70.49,-68.52,702910000,-683100000,26.5,1933,2013,1953.0,2013.0,1933.0,2008.0,1933.0,2007.0,61.0
DEWAR LAKES,NUNAVUT,2401030,1746,71092.0,WUW,68.65,-71.17,683900000,-711000000,526.7,1956,2023,1956.0,2023.0,1958.0,2023.0,1958.0,2007.0,68.0
EUREKA A,NUNAVUT,2401200,1750,71917.0,WEU,79.98,-85.93,795900000,-855600000,10.4,1947,2016,1953.0,2016.0,1947.0,2016.0,1947.0,2016.0,64.0
HALL BEACH A,NUNAVUT,2402350,1755,71081.0,YUX,68.78,-81.24,684633000,-811433000,9.1,1956,2014,1956.0,2012.0,1957.0,2014.0,1957.0,2007.0,57.0
IQALUIT A,NUNAVUT,2402590,1758,71909.0,YFB,63.75,-68.55,634500000,-683300000,33.5,1946,2014,1953.0,2014.0,1946.0,2008.0,1946.0,2007.0,62.0
LONGSTAFF BLUFF,NUNAVUT,2402684,1764,71091.0,WLX,68.9,-75.14,685355000,-750827000,160.8,1955,2023,1955.0,2023.0,1957.0,2023.0,1958.0,2007.0,69.0
MACKAR INLET,NUNAVUT,2402686,1765,71080.0,WUU,68.3,-85.67,681800000,-854000000,394.7,1956,1992,1956.0,1992.0,1957.0,1992.0,1957.0,1992.0,37.0
NANISIVIK A,NUNAVUT,2402730,1769,,YSR,72.98,-84.62,725900000,-843700000,641.9,1976,2011,1977.0,2011.0,1976.0,2010.0,1976.0,2007.0,35.0
POND INLET A,NUNAVUT,2403201,1774,71095.0,YIO,72.69,-77.97,724122000,-775808000,61.6,1975,2014,1975.0,2013.0,1975.0,2014.0,1975.0,2007.0,39.0
RESOLUTE CARS,NUNAVUT,2403500,1776,71924.0,YRB,74.72,-94.97,744301000,-945810000,67.68,1947,2014,1953.0,2014.0,1947.0,2014.0,1947.0,2014.0,62.0
RESOLUTION ISLAND,NUNAVUT,2403602,1778,71972.0,WRH,61.58,-64.65,613500000,-643900000,368.5,1962,2022,1962.0,2022.0,1962.0,2022.0,1962.0,1975.0,61.0
MOULD BAY A,NORTHWEST TERRITORIES,2502700,1792,,YMD,76.23,-119.33,761400000,-1192000000,12.2,1948,1997,1953.0,1997.0,1948.0,1997.0,1948.0,1997.0,45.0
SACHS HARBOUR A,NORTHWEST TERRITORIES,2503650,1794,,YSY,72.0,-125.27,720000000,-1251600000,86.25,1955,2015,1955.0,2015.0,1955.0,2013.0,1955.0,2007.0,61.0
ABEE AGDM,ALBERTA,3010010,32232,71285.0,XAF,54.28,-112.97,541700000,-1125800000,664.0,1990,2024,1990.0,2024.0,2002.0,2024.0,2002.0,2007.0,35.0
BODO AGDM,ALBERTA,3010730,32149,71214.0,XBA,52.12,-110.1,520727005,-1100605009,687.0,1995,2024,1995.0,2024.0,2002.0,2024.0,2002.0,2007.0,30.0
EDMONTON INT'L A,ALBERTA,3012205,1865,71123.0,YEG,53.32,-113.58,531900000,-1133500000,723.3,1959,2012,1961.0,2012.0,1959.0,2012.0,1959.0,2012.0,52.0
EDMONTON NAMAO A,ALBERTA,3012210,1868,71121.0,YED,53.67,-113.47,534000000,-1132800000,687.9,1955,2024,1955.0,2024.0,1955.0,2009.0,1955.0,1996.0,70.0
SMOKY LAKE AGDM,ALBERTA,3016022,32456,71274.0,XSL,54.28,-112.5,541639000,-1122957000,680.0,1990,2024,1990.0,2024.0,2002.0,2024.0,2002.0,2007.0,35.0
VERMILION AGDM,ALBERTA,3016802,32461,71278.0,XVM,53.34,-110.88,532037700,-1105254700,623.0,1995,2024,1995.0,2024.0,2002.0,2024.0,2002.0,2007.0,30.0
MORRIN AGDM,ALBERTA,3024668,32433,71257.0,XMO,51.66,-112.68,513937000,-1124030000,836.0,1991,2024,1991.0,2024.0,2002.0,2024.0,2002.0,2007.0,34.0
RED DEER A,ALBERTA,3025480,2134,71878.0,YQF,52.18,-113.89,521043000,-1135335000,904.6,1938,2014,1953.0,2014.0,1938.0,2014.0,1938.0,2007.0,62.0
CALGARY INT'L A,ALBERTA,3031093,2205,71877.0,YYC,51.11,-114.02,510650000,-1140113000,1084.1,1881,2012,1953.0,2012.0,1881.0,2012.0,1881.0,2012.0,60.0
CHAMPION AGDM,ALBERTA,3031480,32254,71217.0,XCP,50.28,-113.35,501655001,-1132101000,1006.0,1992,2024,1992.0,2024.0,2002.0,2024.0,2002.0,2007.0,33.0
LETHBRIDGE A,ALBERTA,3033880,2263,,YQL,49.63,-112.8,493749000,-1124759000,928.7,1938,2012,1953.0,2012.0,1938.0,2008.0,1938.0,2007.0,60.0
MEDICINE HAT A,ALBERTA,3034480,2273,,YXH,50.02,-110.72,500108000,-1104315000,716.9,1883,2012,1953.0,2012.0,1883.0,2008.0,1883.0,2007.0,60.0
SUFFIELD A,ALBERTA,3036240,2312,71128.0,YSD,50.27,-111.18,501600000,-1111100000,769.6,1950,2020,1953.0,2020.0,1950.0,2008.0,1950.0,2007.0,68.0
DEL BONITA AGDM,ALBERTA,3042045,32256,71224.0,XDB,49.05,-112.82,490300000,-1124900000,1310.0,1992,2024,1992.0,2024.0,2002.0,2024.0,2002.0,2007.0,33.0
ATMORE AGDM,ALBERTA,3060406,32231,71287.0,XAJ,54.78,-112.83,544654000,-1124930000,574.0,1992,2024,1992.0,2024.0,2002.0,2024.0,2003.0,2007.0,33.0
DAPP AGDM,ALBERTA,3061975,31414,71340.0,XDP,54.32,-113.95,541900000,-1135700000,614.2,1990,2021,1990.0,2021.0,2001.0,2021.0,2001.0,2007.0,32.0
WHITECOURT A,ALBERTA,3067372,2632,,YZU,54.14,-115.79,540838000,-1154712000,782.4,1978,2019,1978.0,2014.0,1978.0,2019.0,1978.0,2007.0,37.0
EGG ISLAND,ALBERTA,3072246,31027,71404.0,XEL,58.98,-110.44,585853070,-1102622062,214.9,1993,2024,1993.0,2024.0,2001.0,2024.0,2005.0,2007.0,32.0
GRANDE PRAIRIE A,ALBERTA,3072920,2718,71940.0,YQU,55.18,-118.89,551047000,-1185306000,669.0,1942,2013,1953.0,2013.0,1942.0,2013.0,1942.0,2007.0,61.0
HIGH LEVEL A,ALBERTA,3073146,2726,,YOJ,58.62,-117.16,583717000,-1170953000,338.02,1970,2022,1970.0,2012.0,1970.0,2022.0,1970.0,2007.0,43.0
CLEARDALE AGDM,ALBERTA,3074935,32255,71221.0,XCD,56.31,-119.75,561852009,-1194442000,630.0,1990,2024,1990.0,2024.0,2003.0,2024.0,2003.0,2007.0,35.0
PEACE RIVER A,ALBERTA,3075040,2770,71068.0,YPE,56.23,-117.45,561337000,-1172650000,570.9,1944,2014,1955.0,2014.0,1944.0,2014.0,1944.0,2007.0,60.0
PEORIA AGDM,ALBERTA,3075160,31468,71348.0,XPA,55.62,-118.29,553716005,-1181735001,621.21,1994,2024,1994.0,2024.0,2002.0,2024.0,2002.0,2007.0,31.0
COLD LAKE A,ALBERTA,3081680,2832,71120.0,YOD,54.42,-110.28,542500000,-1101700000,541.0,1952,2024,1954.0,2024.0,1952.0,2024.0,1953.0,2017.0,71.0
BROADVIEW,SASKATCHEWAN,4010879,2855,71861.0,WIK,50.37,-102.57,502205000,-1023415000,599.8,1965,2024,1965.0,2024.0,1965.0,2024.0,1965.0,2007.0,60.0
MOOSE JAW A,SASKATCHEWAN,4015320,2967,71864.0,YMJ,50.33,-105.57,502000000,-1053400000,576.7,1943,2024,1954.0,2024.0,1943.0,1999.0,1943.0,1998.0,71.0
REGINA INT'L A,SASKATCHEWAN,4016560,3002,71863.0,YQR,50.43,-104.67,502600000,-1044000000,577.6,1883,2013,1953.0,2013.0,1883.0,2013.0,1883.0,2007.0,61.0
YORKTON A,SASKATCHEWAN,4019080,3062,71138.0,YQV,51.27,-102.47,511600000,-1022800000,498.3,1941,2005,1953.0,2005.0,1941.0,2005.0,1941.0,2005.0,53.0
SWIFT CURRENT A,SASKATCHEWAN,4028040,3155,71870.0,YYN,50.3,-107.68,501800000,-1074100000,816.86,1938,2011,1953.0,2011.0,1938.0,2011.0,1938.0,2007.0,59.0
NORTH BATTLEFORD A,SASKATCHEWAN,4045600,3244,71876.0,YQW,52.77,-108.26,524619004,-1081520007,548.33,1942,2005,1953.0,2005.0,1942.0,2005.0,1942.0,2005.0,53.0
PRINCE ALBERT A,SASKATCHEWAN,4056240,3322,71869.0,YPA,53.22,-105.67,531300000,-1054000000,428.2,1942,2013,1953.0,2013.0,1942.0,2013.0,1942.0,2007.0,61.0
SASKATOON DIEFENBAKER INT'L A,SASKATCHEWAN,4057120,3328,71866.0,YXE,52.17,-106.72,521000000,-1064300000,504.1,1892,2012,1953.0,2012.0,1892.0,2012.0,1892.0,2007.0,60.0
BUFFALO NARROWS A,SASKATCHEWAN,4060982,3357,71077.0,YVT,55.83,-108.43,555000000,-1082600000,433.73,1979,2012,1979.0,2012.0,1979.0,2012.0,1979.0,2007.0,34.0
LA RONGE A,SASKATCHEWAN,4064150,3381,71922.0,YVC,55.15,-105.27,550900000,-1051600000,379.2,1959,2013,1959.0,2013.0,1959.0,2013.0,1959.0,2008.0,55.0
MEADOW LAKE A,SASKATCHEWAN,4065058,3386,71125.0,YLJ,54.13,-108.52,540800000,-1083100000,480.67,1977,2013,1977.0,2013.0,1977.0,2013.0,1977.0,2008.0,37.0
BRANDON A,MANITOBA,5010480,3471,71140.0,YBR,49.91,-99.95,495436000,-995707000,409.4,1941,2012,1958.0,2012.0,1941.0,2012.0,1941.0,2012.0,55.0
PORTAGE SOUTHPORT A,MANITOBA,5012320,3518,,YPG,49.9,-98.27,495400000,-981600000,269.7,1941,2024,1953.0,2024.0,1941.0,1992.0,1941.0,1992.0,72.0
SHILO,MANITOBA,5012672,3539,71853.0,WLO,49.78,-99.64,494658000,-993835000,375.2,1954,1999,1954.0,1999.0,1954.0,1970.0,1954.0,1970.0,46.0
PILOT MOUND (AUT),MANITOBA,5022125,3649,71148.0,WPO,49.19,-98.9,491127700,-985417500,470.3,1957,2024,1957.0,2024.0,1957.0,2024.0,1957.0,2007.0,68.0
WINNIPEG RICHARDSON INT'L A,MANITOBA,5023222,3698,71852.0,YWG,49.92,-97.23,495500000,-971400000,238.7,1938,2013,1953.0,2013.0,1938.0,2008.0,1938.0,2007.0,61.0
DAUPHIN A,MANITOBA,5040680,3780,,PDH,51.1,-100.05,510600000,-1000300000,304.5,1942,2013,1953.0,2013.0,1942.0,2010.0,1942.0,2007.0,61.0
FLIN FLON A,MANITOBA,5050960,3858,,YFO,54.68,-101.68,544100000,-1014100000,303.9,1954,2017,1954.0,2014.0,1968.0,2017.0,1968.0,2007.0,61.0
THE PAS A,MANITOBA,5052880,3864,71867.0,YQD,53.97,-101.1,535800000,-1010600000,270.36,1943,2014,1953.0,2014.0,1943.0,2014.0,1943.0,2014.0,62.0
CHURCHILL A,MANITOBA,5060600,3871,,YYQ,58.74,-94.07,584421000,-940359000,29.26,1943,2012,1953.0,2012.0,1943.0,2008.0,1943.0,2007.0,60.0
GILLAM A,MANITOBA,5061001,3878,71912.0,YGX,56.36,-94.71,562127000,-944238000,145.1,1970,2014,1970.0,2014.0,1970.0,2014.0,1970.0,2014.0,45.0
ISLAND LAKE A,MANITOBA,5061376,3880,71145.0,YIV,53.85,-94.65,535100000,-943900000,235.6,1970,2015,1970.0,2015.0,1970.0,2015.0,1970.0,2015.0,46.0
THOMPSON A,MANITOBA,5062922,3905,71079.0,YTH,55.8,-97.86,554812000,-975145000,224.03,1967,2014,1967.0,2014.0,1967.0,2014.0,1967.0,2007.0,48.0
PICKLE LAKE (AUT),ONTARIO,6016525,3920,71835.0,WPL,51.45,-90.22,512657001,-901304007,390.8,1930,2024,1955.0,2024.0,1930.0,2024.0,1930.0,2006.0,70.0
RED LAKE A,ONTARIO,6016975,3923,71854.0,YRL,51.07,-93.79,510401000,-934735000,385.88,1930,2012,1953.0,2012.0,1930.0,2012.0,1930.0,2012.0,60.0
DRYDEN A,ONTARIO,6032119,3953,,YHD,49.83,-92.75,495000000,-924500000,412.7,1969,2005,1969.0,2005.0,1970.0,2005.0,1970.0,2004.0,37.0
KENORA A,ONTARIO,6034075,3960,71850.0,YQK,49.79,-94.37,494725005,-942155003,409.65,1938,2013,1953.0,2013.0,1938.0,2013.0,1938.0,2013.0,61.0
ARMSTRONG (AUT),ONTARIO,6040325,3987,71841.0,WYW,50.29,-88.91,501737000,-885419000,322.5,1938,2024,1953.0,2024.0,1938.0,2024.0,1938.0,1982.0,72.0
GERALDTON A,ONTARIO,6042716,4003,,YGQ,49.78,-86.93,494658090,-865550050,348.4,1981,2015,1981.0,2015.0,1981.0,2015.0,1981.0,2015.0,35.0
THUNDER BAY A,ONTARIO,6048261,4055,,YQT,48.37,-89.33,482210000,-891938038,199.0,1941,2012,1953.0,2012.0,1941.0,2004.0,1941.0,2004.0,60.0
SAULT STE MARIE A,ONTARIO,6057592,4093,71260.0,YAM,46.48,-84.51,462900000,-843034000,192.0,1945,2012,1961.0,2012.0,1945.0,2012.0,1945.0,2012.0,52.0
SUDBURY A,ONTARIO,6068150,4132,71730.0,YSB,46.63,-80.8,463732000,-804752000,348.39,1954,2013,1954.0,2013.0,1954.0,2013.0,1954.0,2013.0,60.0
EARLTON A,ONTARIO,6072225,4145,,YXR,47.7,-79.85,474200000,-795100000,243.2,1938,2005,1953.0,2005.0,1938.0,2005.0,1938.0,2004.0,53.0
MOOSONEE UA,ONTARIO,6075425,4168,71836.0,WZC,51.27,-80.65,511600000,-803900000,10.0,1932,2023,1953.0,1995.0,1932.0,2023.0,1932.0,2006.0,43.0
TIMMINS VICTOR POWER A,ONTARIO,6078285,4180,71739.0,YTS,48.57,-81.38,483411000,-812236000,294.7,1955,2012,1955.0,2012.0,1955.0,2012.0,1955.0,2011.0,58.0
NORTH BAY A,ONTARIO,6085700,4201,71731.0,YYB,46.36,-79.42,462149000,-792522000,370.3,1939,2013,1953.0,2013.0,1939.0,2013.0,1939.0,2013.0,61.0
GORE BAY A,ONTARIO,6092925,4209,,YZE,45.88,-82.57,455300000,-823400000,193.5,1947,2006,1953.0,2005.0,1947.0,2006.0,1947.0,2006.0,53.0
KINGSTON A,ONTARIO,6104146,4295,,YGK,44.22,-76.6,441307092,-763548008,92.4,1930,2012,1967.0,2012.0,1930.0,1996.0,1930.0,1996.0,46.0
OTTAWA MACDONALD-CARTIER INT'L A,ONTARIO,6106000,4337,71628.0,YOW,45.32,-75.67,451921000,-754009000,114.0,1938,2011,1953.0,2011.0,1938.0,2011.0,1938.0,2011.0,59.0
PETAWAWA A,ONTARIO,6106398,4352,71625.0,YWA,45.95,-77.32,455700000,-771900000,130.1,1969,2024,1969.0,2024.0,1970.0,2008.0,1971.0,2006.0,56.0
MUSKOKA A,ONTARIO,6115525,4477,71630.0,YQA,44.97,-79.3,445800000,-791800000,281.9,1934,2015,1953.0,2005.0,1934.0,2015.0,1934.0,2006.0,53.0
WIARTON A,ONTARIO,6119500,4538,71633.0,YVV,44.75,-81.11,444445000,-810626000,222.2,1947,2014,1953.0,2014.0,1947.0,2014.0,1947.0,2014.0,62.0
ST CATHARINES A,ONTARIO,6137287,4683,,YSN,43.2,-79.17,431200000,-791000000,97.8,1971,2012,1971.0,2012.0,1971.0,2000.0,1971.0,2000.0,42.0
WINDSOR A,ONTARIO,6139525,4716,71538.0,YQG,42.28,-82.96,421632000,-825720000,189.6,1940,2014,1953.0,2014.0,1940.0,2014.0,1940.0,2014.0,62.0
LONDON INT'L AIRPORT,ONTARIO,6144475,4789,71623.0,YXU,43.03,-81.15,430159000,-810904000,278.0,1940,2017,1953.0,2012.0,1940.0,2017.0,1940.0,2006.0,60.0
HAMILTON A,ONTARIO,6153194,4932,71263.0,YHM,43.17,-79.93,431018072,-795603036,237.7,1959,2011,1970.0,2011.0,1959.0,2011.0,1959.0,2011.0,42.0
TORONTO LESTER B. PEARSON INT'L A,ONTARIO,6158733,5097,71624.0,YYZ,43.68,-79.63,434038000,-793750000,173.4,1937,2013,1953.0,2013.0,1937.0,2013.0,1937.0,2013.0,61.0
TRENTON A,ONTARIO,6158875,5126,71621.0,YTR,44.12,-77.53,440708000,-773141000,86.3,1935,2024,1953.0,2024.0,1935.0,2024.0,1935.0,2017.0,72.0
QUEBEC/JEAN LESAGE INTL A,QUEBEC,7016294,5251,71708.0,YQB,46.8,-71.38,464800000,-712300000,74.4,1943,2017,1953.0,2013.0,1943.0,2017.0,1943.0,2012.0,61.0
VALCARTIER A,QUEBEC,7018574,5293,71716.0,YOY,46.9,-71.5,465410000,-713013000,167.6,1978,2024,1978.0,2024.0,1978.0,1981.0,1978.0,1981.0,47.0
MONTREAL/PIERRE ELLIOTT TRUDEAU INTL A,QUEBEC,7025250,5415,71627.0,YUL,45.47,-73.75,452800000,-734500000,35.97,1941,2013,1953.0,2013.0,1941.0,2013.0,1941.0,2013.0,61.0
MONTREAL/ST-HUBERT A,QUEBEC,7027320,5490,71371.0,YHU,45.52,-73.42,453100000,-732500000,27.4,1928,2015,1953.0,2005.0,1928.0,2015.0,1928.0,2015.0,53.0
SHERBROOKE A,QUEBEC,7028124,5530,71610.0,YSC,45.43,-71.68,452600000,-714100000,241.4,1962,2016,1962.0,2005.0,1962.0,2016.0,1962.0,2004.0,44.0
GATINEAU A,QUEBEC,7032681,8375,,YND,45.52,-75.57,453100000,-753400000,64.3,1981,2012,1981.0,2012.0,,,,,32.0
MANIWAKI UA,QUEBEC,7034480,5607,71722.0,WMW,46.3,-76.01,461806500,-760021800,188.58,1953,2018,1953.0,1993.0,1953.0,2018.0,1953.0,1993.0,41.0
MONTREAL/MIRABEL INT'L A,QUEBEC,7035290,5616,,YMX,45.67,-74.03,454000000,-740200000,82.6,1975,2012,1975.0,2012.0,1975.0,2008.0,1975.0,2008.0,38.0
LOURDES DE BLANC SABLON A,QUEBEC,7040813,5669,71808.0,YBX,51.45,-57.18,512700000,-571100000,37.18,1970,2014,1970.0,2014.0,1982.0,2014.0,1982.0,2014.0,45.0
NATASHQUAN A,QUEBEC,7045400,5715,,YNA,50.18,-61.82,501100000,-614900000,10.7,1914,2008,1957.0,2008.0,1914.0,2008.0,1914.0,2003.0,52.0
SEPT-ILES A,QUEBEC,7047910,5742,,YZV,50.22,-66.27,501300000,-661600000,54.9,1944,2014,1953.0,2014.0,1944.0,2002.0,1944.0,2001.0,62.0
GASPE A,QUEBEC,7052605,5794,71188.0,YGP,48.78,-64.48,484637000,-642841000,34.1,1965,2013,1965.0,2013.0,1968.0,2013.0,1968.0,2013.0,49.0
MONT-JOLI A,QUEBEC,7055120,5814,71718.0,YYY,48.6,-68.22,483600000,-681300000,52.4,1943,2013,1953.0,2013.0,1943.0,2013.0,1943.0,2005.0,61.0
ILES DE LA MADELEINE A,QUEBEC,705C2G9,5748,71709.0,YGR,47.42,-61.78,472500000,-614700000,10.7,1978,2013,1978.0,2013.0,1983.0,2013.0,1983.0,2002.0,36.0
BAGOTVILLE A,QUEBEC,7060400,5889,71727.0,YBG,48.33,-71.0,482000000,-710000000,159.1,1942,2024,1953.0,2024.0,1942.0,2024.0,1942.0,2017.0,72.0
ROBERVAL A,QUEBEC,7066685,5934,71728.0,YRJ,48.52,-72.27,483100000,-721600000,178.6,1957,2014,1958.0,2014.0,1957.0,2014.0,1957.0,2005.0,57.0
PARENT,QUEBEC,7075800,5966,71726.0,WPK,47.92,-74.62,475520008,-743727007,444.71,1943,2024,1953.0,2024.0,1943.0,2024.0,1943.0,1978.0,72.0
ROUYN A,QUEBEC,7086720,6001,,YUY,48.22,-78.83,481300000,-785000000,301.1,1950,2012,1954.0,2012.0,1950.0,1955.0,1950.0,1961.0,59.0
LA GRANDE RIVIERE A,QUEBEC,7093715,6047,71827.0,YGL,53.63,-77.7,533800000,-774200000,195.1,1976,2012,1976.0,2012.0,1976.0,2012.0,1976.0,2005.0,37.0
VAL-D'OR A,QUEBEC,7098600,6081,71725.0,YVO,48.06,-77.79,480323000,-774712000,337.4,1951,2024,1955.0,2012.0,1951.0,2024.0,1951.0,2005.0,58.0
INUKJUAK UA,QUEBEC,7103282,6082,71907.0,WPH,58.47,-78.08,582800000,-780500000,24.4,1921,1996,1953.0,1995.0,1921.0,1996.0,1922.0,1994.0,43.0
KUUJJUARAPIK A,QUEBEC,7103536,6083,,YGW,55.28,-77.75,551700000,-774500000,12.2,1925,2014,1957.0,2014.0,1925.0,2014.0,1926.0,2009.0,58.0
KUUJJUAQ A,QUEBEC,7113534,6095,71906.0,YVP,58.1,-68.42,580600000,-682500000,39.93,1947,2014,1953.0,2014.0,1947.0,2014.0,1947.0,2005.0,62.0
SCHEFFERVILLE A,QUEBEC,7117825,6098,,YKL,54.8,-66.82,544800000,-664900000,521.8,1948,2010,1953.0,2010.0,1948.0,2010.0,1948.0,1993.0,58.0
GAGETOWN A,NEW BRUNSWICK,8101792,7558,71701.0,YCX,45.83,-66.43,455000000,-662600000,50.6,1976,2024,1976.0,2024.0,2011.0,2017.0,2011.0,2017.0,49.0
MISCOU ISLAND (AUT),NEW BRUNSWICK,8103050,6205,71719.0,WMI,48.01,-64.49,480032002,-642939008,4.0,1957,2024,1964.0,2024.0,1957.0,2024.0,1957.0,2007.0,61.0
MONCTON A,NEW BRUNSWICK,8103200,6207,71705.0,YQM,46.11,-64.68,460619100,-644101700,70.7,1939,2012,1953.0,2012.0,1939.0,2012.0,1939.0,2012.0,60.0
SAINT JOHN A,NEW BRUNSWICK,8104900,6250,71609.0,YSJ,45.32,-65.89,451905000,-655308050,108.8,1946,2012,1953.0,2012.0,1946.0,2012.0,1947.0,2008.0,60.0
GREENWOOD A,NOVA SCOTIA,8202000,6354,71397.0,YZX,44.98,-64.92,445900000,-645500000,28.0,1942,2024,1953.0,2024.0,1942.0,2024.0,1942.0,2017.0,72.0
HALIFAX STANFIELD INT'L A,NOVA SCOTIA,8202250,6358,71395.0,YHZ,44.88,-63.5,445248060,-633000050,145.4,1953,2012,1961.0,2012.0,1953.0,2012.0,1953.0,2012.0,52.0
SABLE ISLAND,NOVA SCOTIA,8204700,6454,71600.0,ESA,43.93,-60.01,435556000,-600034000,5.0,1891,2017,1953.0,2016.0,1891.0,2017.0,1891.0,2007.0,64.0
SHEARWATER A,NOVA SCOTIA,8205090,6465,71601.0,YAW,44.63,-63.5,443800000,-633000000,44.0,1944,2024,1953.0,2024.0,1944.0,2007.0,1944.0,2007.0,72.0
SYDNEY A,NOVA SCOTIA,8205700,6486,71707.0,YQY,46.17,-60.05,461000000,-600253300,61.9,1941,2014,1953.0,2014.0,1941.0,2014.0,1941.0,2014.0,62.0
WESTERN HEAD,NOVA SCOTIA,8206240,6501,71411.0,WWE,43.99,-64.66,435924070,-643951008,10.06,1959,2024,1959.0,2024.0,1959.0,2024.0,1959.0,2007.0,66.0
YARMOUTH A,NOVA SCOTIA,8206500,6516,,YQI,43.83,-66.09,434951000,-660519000,43.0,1940,2012,1953.0,2012.0,1940.0,2012.0,1940.0,2012.0,60.0
CHARLOTTETOWN A,PRINCE EDWARD ISLAND,8300300,6526,71706.0,YYG,46.29,-63.13,461719020,-630743070,48.8,1943,2012,1953.0,2012.0,1943.0,2012.0,1943.0,2012.0,60.0
SUMMERSIDE A,PRINCE EDWARD ISLAND,8300700,6547,,YSU,46.44,-63.83,462620000,-634954000,19.5,1942,2002,1953.0,2001.0,1942.0,2002.0,1942.0,2002.0,49.0
BONAVISTA,NEWFOUNDLAND,8400600,6576,,WVA,48.67,-53.11,484002000,-530651000,25.6,1956,2006,1959.0,2006.0,1956.0,2006.0,1956.0,2006.0,48.0
DANIELS HARBOUR,NEWFOUNDLAND,8401400,6613,71185.0,WDH,50.24,-57.58,501411000,-573452000,19.0,1946,2018,1953.0,2018.0,1946.0,2018.0,1946.0,2007.0,66.0
DEER LAKE A,NEWFOUNDLAND,8401501,6615,71809.0,YDF,49.22,-57.4,491300000,-572400000,21.9,1965,2012,1965.0,2012.0,1965.0,2012.0,1965.0,2008.0,48.0
GANDER INT'L A,NEWFOUNDLAND,8401700,6633,71803.0,YQX,48.95,-54.58,485647000,-543437000,151.2,1937,2012,1953.0,2012.0,1937.0,2012.0,1937.0,2012.0,60.0
PORT AUX BASQUES,NEWFOUNDLAND,8402975,6693,71197.0,WZB,47.57,-59.15,473426000,-590917000,39.7,1909,2017,1966.0,2017.0,1909.0,2017.0,1909.0,2007.0,52.0
ST JOHN'S A,NEWFOUNDLAND,8403506,6720,71801.0,YYT,47.62,-52.74,473720000,-524434000,140.5,1942,2012,1953.0,2012.0,1942.0,2012.0,1942.0,2012.0,60.0
STEPHENVILLE A,NEWFOUNDLAND,8403800,6740,71815.0,YJT,48.53,-58.55,483200000,-583300000,24.7,1942,2014,1953.0,2014.0,1942.0,2014.0,1942.0,2014.0,62.0
CARTWRIGHT,NEWFOUNDLAND,8501100,6773,71818.0,WCA,53.71,-57.04,534230000,-570206000,14.3,1934,2015,1953.0,2015.0,1934.0,2015.0,1934.0,2015.0,63.0
GOOSE BAY A,NEWFOUNDLAND,8501900,6777,71816.0,YYR,53.32,-60.42,531900000,-602500000,48.8,1941,2024,1953.0,2024.0,1941.0,2024.0,1941.0,2017.0,72.0
WABUSH LAKE A,NEWFOUNDLAND,8504175,6802,71825.0,YWK,52.93,-66.87,525538000,-665227000,551.38,1960,2013,1961.0,2013.0,1960.0,2013.0,1960.0,2008.0,53.0
